<?xml version="1.0"?>
	
<project name="Buildfile for awake-filex.y.z jar" default="all" basedir=".">
    
    <property name="version"          		value="1.1.1f"/> 
	
    <property name="awake-file.jar"          value="awake-file-${version}.jar"/>    	
		
    <property name="dist.dir"                value="../dist"/>   
    <property name="bin.dir"                 value="../bin"/>	 
        	
    <target name="jar" description="Generates awake-filex.y.z.jar in the 'dist.dir' directory.">
        <jar jarfile="${dist.dir}/${awake-file.jar}" 
         basedir="${bin.dir}"
         includes="**/*.class"
         excludes="**org/awakefw/file/test/**, **org/awakefw/file/examples/**"/>  
    </target>
	
	
	<target name="all" depends="jar" description="Do all!">
	</target>

  
</project>